Filename,number,string,Glaucoma,prefix
gt (1).jpg,1,).jpg,1,gt (
gt (2).jpg,2,).jpg,1,gt (
gt (3).jpg,3,).jpg,1,gt (
gt (4).jpg,4,).jpg,1,gt (
gt (5).jpg,5,).jpg,1,gt (
gt (6).jpg,6,).jpg,1,gt (
gt (7).jpg,7,).jpg,1,gt (
gt (8).jpg,8,).jpg,1,gt (
gt (9).jpg,9,).jpg,1,gt (
gt (10).jpg,10,).jpg,1,gt (
gt (11).jpg,11,).jpg,1,gt (
gt (12).jpg,12,).jpg,1,gt (
gt (13).jpg,13,).jpg,1,gt (
gt (14).jpg,14,).jpg,1,gt (
gt (15).jpg,15,).jpg,1,gt (
gt (16).jpg,16,).jpg,1,gt (
gt (17).jpg,17,).jpg,1,gt (
gt (18).jpg,18,).jpg,1,gt (
gt (19).jpg,19,).jpg,1,gt (
gt (20).jpg,20,).jpg,1,gt (
gt (21).jpg,21,).jpg,1,gt (
gt (22).jpg,22,).jpg,1,gt (
gt (23).jpg,23,).jpg,1,gt (
gt (24).jpg,24,).jpg,1,gt (
gt (25).jpg,25,).jpg,1,gt (
gt (26).jpg,26,).jpg,1,gt (
gt (27).jpg,27,).jpg,1,gt (
gt (28).jpg,28,).jpg,1,gt (
gt (29).jpg,29,).jpg,1,gt (
gt (30).jpg,30,).jpg,1,gt (
gt (31).jpg,31,).jpg,1,gt (
gt (32).jpg,32,).jpg,1,gt (
gt (33).jpg,33,).jpg,1,gt (
gt (34).jpg,34,).jpg,1,gt (
gt (35).jpg,35,).jpg,1,gt (
gt (36).jpg,36,).jpg,1,gt (
gt (37).jpg,37,).jpg,1,gt (
gt (38).jpg,38,).jpg,1,gt (
gt (39).jpg,39,).jpg,1,gt (
gt (40).jpg,40,).jpg,1,gt (
gt (41).jpg,41,).jpg,1,gt (
gt (42).jpg,42,).jpg,1,gt (
gt (43).jpg,43,).jpg,1,gt (
gt (44).jpg,44,).jpg,1,gt (
gt (45).jpg,45,).jpg,1,gt (
gt (46).jpg,46,).jpg,1,gt (
gt (47).jpg,47,).jpg,1,gt (
gt (48).jpg,48,).jpg,1,gt (
gt (49).jpg,49,).jpg,1,gt (
gt (50).jpg,50,).jpg,1,gt (
gt (51).jpg,51,).jpg,1,gt (
gt (52).jpg,52,).jpg,1,gt (
gt (53).jpg,53,).jpg,1,gt (
gt (54).jpg,54,).jpg,1,gt (
gt (55).jpg,55,).jpg,1,gt (
gt (56).jpg,56,).jpg,1,gt (
gt (57).jpg,57,).jpg,1,gt (
gt (58).jpg,58,).jpg,1,gt (
gt (59).jpg,59,).jpg,1,gt (
gt (60).jpg,60,).jpg,1,gt (
gt (61).jpg,61,).jpg,1,gt (
gt (62).jpg,62,).jpg,1,gt (
gt (63).jpg,63,).jpg,1,gt (
gt (64).jpg,64,).jpg,1,gt (
gt (65).jpg,65,).jpg,1,gt (
gt (66).jpg,66,).jpg,1,gt (
gt (67).jpg,67,).jpg,1,gt (
gt (68).jpg,68,).jpg,1,gt (
gt (69).jpg,69,).jpg,1,gt (
gt (70).jpg,70,).jpg,1,gt (
gt (71).jpg,71,).jpg,1,gt (
gt (72).jpg,72,).jpg,1,gt (
gt (73).jpg,73,).jpg,1,gt (
gt (74).jpg,74,).jpg,1,gt (
gt (75).jpg,75,).jpg,1,gt (
gt (76).jpg,76,).jpg,1,gt (
gt (77).jpg,77,).jpg,1,gt (
gt (78).jpg,78,).jpg,1,gt (
gt (79).jpg,79,).jpg,1,gt (
gt (80).jpg,80,).jpg,1,gt (
gt (81).jpg,81,).jpg,1,gt (
gt (82).jpg,82,).jpg,1,gt (
gt (83).jpg,83,).jpg,1,gt (
gt (84).jpg,84,).jpg,1,gt (
gt (85).jpg,85,).jpg,1,gt (
gt (86).jpg,86,).jpg,1,gt (
gt (87).jpg,87,).jpg,1,gt (
gt (88).jpg,88,).jpg,1,gt (
gt (89).jpg,89,).jpg,1,gt (
gt (90).jpg,90,).jpg,1,gt (
gt (91).jpg,91,).jpg,1,gt (
gt (92).jpg,92,).jpg,1,gt (
gt (93).jpg,93,).jpg,1,gt (
gt (94).jpg,94,).jpg,1,gt (
gt (95).jpg,95,).jpg,1,gt (
gt (96).jpg,96,).jpg,1,gt (
gt (97).jpg,97,).jpg,1,gt (
gt (98).jpg,98,).jpg,1,gt (
gt (99).jpg,99,).jpg,1,gt (
gt (100).jpg,100,).jpg,1,gt (
gt (101).jpg,101,).jpg,1,gt (
gt (102).jpg,102,).jpg,1,gt (
gt (103).jpg,103,).jpg,1,gt (
gt (104).jpg,104,).jpg,1,gt (
gt (105).jpg,105,).jpg,1,gt (
gt (106).jpg,106,).jpg,1,gt (
gt (107).jpg,107,).jpg,1,gt (
gt (108).jpg,108,).jpg,1,gt (
gt (109).jpg,109,).jpg,1,gt (
gt (110).jpg,110,).jpg,1,gt (
gt (111).jpg,111,).jpg,1,gt (
gt (112).jpg,112,).jpg,1,gt (
gt (113).jpg,113,).jpg,1,gt (
gt (114).jpg,114,).jpg,1,gt (
gt (115).jpg,115,).jpg,1,gt (
gt (116).jpg,116,).jpg,1,gt (
gt (117).jpg,117,).jpg,1,gt (
gt (118).jpg,118,).jpg,1,gt (
gt (119).jpg,119,).jpg,1,gt (
gt (120).jpg,120,).jpg,1,gt (
gt (121).jpg,121,).jpg,1,gt (
gt (122).jpg,122,).jpg,1,gt (
gt (123).jpg,123,).jpg,1,gt (
gt (124).jpg,124,).jpg,1,gt (
gt (125).jpg,125,).jpg,1,gt (
gt (126).jpg,126,).jpg,1,gt (
gt (127).jpg,127,).jpg,1,gt (
gt (128).jpg,128,).jpg,1,gt (
gt (129).jpg,129,).jpg,1,gt (
gt (130).jpg,130,).jpg,1,gt (
gt (131).jpg,131,).jpg,1,gt (
gt (132).jpg,132,).jpg,1,gt (
gt (133).jpg,133,).jpg,1,gt (
gt (134).jpg,134,).jpg,1,gt (
gt (135).jpg,135,).jpg,1,gt (
gt (136).jpg,136,).jpg,1,gt (
gt (137).jpg,137,).jpg,1,gt (
gt (138).jpg,138,).jpg,1,gt (
gt (139).jpg,139,).jpg,1,gt (
gt (140).jpg,140,).jpg,1,gt (
gt (141).jpg,141,).jpg,1,gt (
gt (142).jpg,142,).jpg,1,gt (
gt (143).jpg,143,).jpg,1,gt (
gt (144).jpg,144,).jpg,1,gt (
gt (145).jpg,145,).jpg,1,gt (
gt (146).jpg,146,).jpg,1,gt (
gt (147).jpg,147,).jpg,1,gt (
gt (148).jpg,148,).jpg,1,gt (
gt (149).jpg,149,).jpg,1,gt (
gt (150).jpg,150,).jpg,1,gt (
gt (151).jpg,151,).jpg,1,gt (
gt (152).jpg,152,).jpg,1,gt (
gt (153).jpg,153,).jpg,1,gt (
gt (154).jpg,154,).jpg,1,gt (
gt (155).jpg,155,).jpg,1,gt (
gt (156).jpg,156,).jpg,1,gt (
gt (157).jpg,157,).jpg,1,gt (
gt (158).jpg,158,).jpg,1,gt (
gt (159).jpg,159,).jpg,1,gt (
gt (160).jpg,160,).jpg,1,gt (
gt (161).jpg,161,).jpg,1,gt (
gt (162).jpg,162,).jpg,1,gt (
gt (163).jpg,163,).jpg,1,gt (
gt (164).jpg,164,).jpg,1,gt (
gt (165).jpg,165,).jpg,1,gt (
gt (166).jpg,166,).jpg,1,gt (
gt (167).jpg,167,).jpg,1,gt (
gt (168).jpg,168,).jpg,1,gt (
gt (169).jpg,169,).jpg,1,gt (
gt (170).jpg,170,).jpg,1,gt (
gt (171).jpg,171,).jpg,1,gt (
gt (172).jpg,172,).jpg,1,gt (
gt (173).jpg,173,).jpg,1,gt (
gt (174).jpg,174,).jpg,1,gt (
gt (175).jpg,175,).jpg,1,gt (
gt (176).jpg,176,).jpg,1,gt (
gt (177).jpg,177,).jpg,1,gt (
gt (178).jpg,178,).jpg,1,gt (
gt (179).jpg,179,).jpg,1,gt (
gt (180).jpg,180,).jpg,1,gt (
gt (181).jpg,181,).jpg,1,gt (
gt (182).jpg,182,).jpg,1,gt (
gt (183).jpg,183,).jpg,1,gt (
gt (184).jpg,184,).jpg,1,gt (
gt (185).jpg,185,).jpg,1,gt (
gt (186).jpg,186,).jpg,1,gt (
gt (187).jpg,187,).jpg,1,gt (
gt (188).jpg,188,).jpg,1,gt (
gt (189).jpg,189,).jpg,1,gt (
gt (190).jpg,190,).jpg,1,gt (
gt (191).jpg,191,).jpg,1,gt (
gt (192).jpg,192,).jpg,1,gt (
gt (193).jpg,193,).jpg,1,gt (
gt (194).jpg,194,).jpg,1,gt (
gt (195).jpg,195,).jpg,1,gt (
gt (196).jpg,196,).jpg,1,gt (
gt (197).jpg,197,).jpg,1,gt (
gt (198).jpg,198,).jpg,1,gt (
gt (199).jpg,199,).jpg,1,gt (
gt (200).jpg,200,).jpg,1,gt (
gt (201).jpg,201,).jpg,1,gt (
gt (202).jpg,202,).jpg,1,gt (
gt (203).jpg,203,).jpg,1,gt (
gt (204).jpg,204,).jpg,1,gt (
gt (205).jpg,205,).jpg,1,gt (
gt (206).jpg,206,).jpg,1,gt (
gt (207).jpg,207,).jpg,1,gt (
gt (208).jpg,208,).jpg,1,gt (
gt (209).jpg,209,).jpg,1,gt (
gt (210).jpg,210,).jpg,1,gt (
gt (211).jpg,211,).jpg,1,gt (
gt (212).jpg,212,).jpg,1,gt (
gt (213).jpg,213,).jpg,1,gt (
gt (214).jpg,214,).jpg,1,gt (
gt (215).jpg,215,).jpg,1,gt (
gt (216).jpg,216,).jpg,1,gt (
gt (217).jpg,217,).jpg,1,gt (
gt (218).jpg,218,).jpg,1,gt (
gt (219).jpg,219,).jpg,1,gt (
gt (220).jpg,220,).jpg,1,gt (
gt (221).jpg,221,).jpg,1,gt (
gt (222).jpg,222,).jpg,1,gt (
gt (223).jpg,223,).jpg,1,gt (
gt (224).jpg,224,).jpg,1,gt (
gt (225).jpg,225,).jpg,1,gt (
gt (226).jpg,226,).jpg,1,gt (
gt (227).jpg,227,).jpg,1,gt (
gt (228).jpg,228,).jpg,1,gt (
gt (229).jpg,229,).jpg,1,gt (
gt (230).jpg,230,).jpg,1,gt (
gt (231).jpg,231,).jpg,1,gt (
gt (232).jpg,232,).jpg,1,gt (
gt (233).jpg,233,).jpg,1,gt (
gt (234).jpg,234,).jpg,1,gt (
gt (235).jpg,235,).jpg,1,gt (
gt (236).jpg,236,).jpg,1,gt (
gt (237).jpg,237,).jpg,1,gt (
gt (238).jpg,238,).jpg,1,gt (
gt (239).jpg,239,).jpg,1,gt (
gt (240).jpg,240,).jpg,1,gt (
gt (241).jpg,241,).jpg,1,gt (
gt (242).jpg,242,).jpg,1,gt (
gt (243).jpg,243,).jpg,1,gt (
gt (244).jpg,244,).jpg,1,gt (
gt (245).jpg,245,).jpg,1,gt (
gt (246).jpg,246,).jpg,1,gt (
gt (247).jpg,247,).jpg,1,gt (
gt (248).jpg,248,).jpg,1,gt (
gt (249).jpg,249,).jpg,1,gt (
gt (250).jpg,250,).jpg,1,gt (
gt (251).jpg,251,).jpg,1,gt (
gt (252).jpg,252,).jpg,1,gt (
gt (253).jpg,253,).jpg,1,gt (
gt (254).jpg,254,).jpg,1,gt (
gt (255).jpg,255,).jpg,1,gt (
gt (256).jpg,256,).jpg,1,gt (
gt (257).jpg,257,).jpg,1,gt (
gt (258).jpg,258,).jpg,1,gt (
gt (259).jpg,259,).jpg,1,gt (
gt (260).jpg,260,).jpg,1,gt (
gt (261).jpg,261,).jpg,1,gt (
gt (262).jpg,262,).jpg,1,gt (
gt (263).jpg,263,).jpg,1,gt (
gt (264).jpg,264,).jpg,1,gt (
gt (265).jpg,265,).jpg,1,gt (
gt (266).jpg,266,).jpg,1,gt (
gt (267).jpg,267,).jpg,1,gt (
gt (268).jpg,268,).jpg,1,gt (
gt (269).jpg,269,).jpg,1,gt (
gt (270).jpg,270,).jpg,1,gt (
gt (271).jpg,271,).jpg,1,gt (
gt (272).jpg,272,).jpg,1,gt (
gt (273).jpg,273,).jpg,1,gt (
gt (274).jpg,274,).jpg,1,gt (
gt (275).jpg,275,).jpg,1,gt (
gt (276).jpg,276,).jpg,1,gt (
gt (277).jpg,277,).jpg,1,gt (
gt (278).jpg,278,).jpg,1,gt (
gt (279).jpg,279,).jpg,1,gt (
gt (280).jpg,280,).jpg,1,gt (
gt (281).jpg,281,).jpg,1,gt (
gt (282).jpg,282,).jpg,1,gt (
gt (283).jpg,283,).jpg,1,gt (
gt (284).jpg,284,).jpg,1,gt (
gt (285).jpg,285,).jpg,1,gt (
gt (286).jpg,286,).jpg,1,gt (
gt (287).jpg,287,).jpg,1,gt (
gt (288).jpg,288,).jpg,1,gt (
gt (289).jpg,289,).jpg,1,gt (
gt (290).jpg,290,).jpg,1,gt (
gt (291).jpg,291,).jpg,1,gt (
gt (292).jpg,292,).jpg,1,gt (
gt (293).jpg,293,).jpg,1,gt (
gt (294).jpg,294,).jpg,1,gt (
gt (295).jpg,295,).jpg,1,gt (
gt (296).jpg,296,).jpg,1,gt (
gt (297).jpg,297,).jpg,1,gt (
ngt (1).jpg,1,).jpg,0,ngt (
ngt (2).jpg,2,).jpg,0,ngt (
ngt (3).jpg,3,).jpg,0,ngt (
ngt (4).jpg,4,).jpg,0,ngt (
ngt (5).jpg,5,).jpg,0,ngt (
ngt (6).jpg,6,).jpg,0,ngt (
ngt (7).jpg,7,).jpg,0,ngt (
ngt (8).jpg,8,).jpg,0,ngt (
ngt (9).jpg,9,).jpg,0,ngt (
ngt (10).jpg,10,).jpg,0,ngt (
ngt (11).jpg,11,).jpg,0,ngt (
ngt (12).jpg,12,).jpg,0,ngt (
ngt (13).jpg,13,).jpg,0,ngt (
ngt (14).jpg,14,).jpg,0,ngt (
ngt (15).jpg,15,).jpg,0,ngt (
ngt (16).jpg,16,).jpg,0,ngt (
ngt (17).jpg,17,).jpg,0,ngt (
ngt (18).jpg,18,).jpg,0,ngt (
ngt (19).jpg,19,).jpg,0,ngt (
ngt (20).jpg,20,).jpg,0,ngt (
ngt (21).jpg,21,).jpg,0,ngt (
ngt (22).jpg,22,).jpg,0,ngt (
ngt (23).jpg,23,).jpg,0,ngt (
ngt (24).jpg,24,).jpg,0,ngt (
ngt (25).jpg,25,).jpg,0,ngt (
ngt (26).jpg,26,).jpg,0,ngt (
ngt (27).jpg,27,).jpg,0,ngt (
ngt (28).jpg,28,).jpg,0,ngt (
ngt (29).jpg,29,).jpg,0,ngt (
ngt (30).jpg,30,).jpg,0,ngt (
ngt (31).jpg,31,).jpg,0,ngt (
ngt (32).jpg,32,).jpg,0,ngt (
ngt (33).jpg,33,).jpg,0,ngt (
ngt (34).jpg,34,).jpg,0,ngt (
ngt (35).jpg,35,).jpg,0,ngt (
ngt (36).jpg,36,).jpg,0,ngt (
ngt (37).jpg,37,).jpg,0,ngt (
ngt (38).jpg,38,).jpg,0,ngt (
ngt (39).jpg,39,).jpg,0,ngt (
ngt (40).jpg,40,).jpg,0,ngt (
ngt (41).jpg,41,).jpg,0,ngt (
ngt (42).jpg,42,).jpg,0,ngt (
ngt (43).jpg,43,).jpg,0,ngt (
ngt (44).jpg,44,).jpg,0,ngt (
ngt (45).jpg,45,).jpg,0,ngt (
ngt (46).jpg,46,).jpg,0,ngt (
ngt (47).jpg,47,).jpg,0,ngt (
ngt (48).jpg,48,).jpg,0,ngt (
ngt (49).jpg,49,).jpg,0,ngt (
ngt (50).jpg,50,).jpg,0,ngt (
ngt (51).jpg,51,).jpg,0,ngt (
ngt (52).jpg,52,).jpg,0,ngt (
ngt (53).jpg,53,).jpg,0,ngt (
ngt (54).jpg,54,).jpg,0,ngt (
ngt (55).jpg,55,).jpg,0,ngt (
ngt (56).jpg,56,).jpg,0,ngt (
ngt (57).jpg,57,).jpg,0,ngt (
ngt (58).jpg,58,).jpg,0,ngt (
ngt (59).jpg,59,).jpg,0,ngt (
ngt (60).jpg,60,).jpg,0,ngt (
ngt (61).jpg,61,).jpg,0,ngt (
ngt (62).jpg,62,).jpg,0,ngt (
ngt (63).jpg,63,).jpg,0,ngt (
ngt (64).jpg,64,).jpg,0,ngt (
ngt (65).jpg,65,).jpg,0,ngt (
ngt (66).jpg,66,).jpg,0,ngt (
ngt (67).jpg,67,).jpg,0,ngt (
ngt (68).jpg,68,).jpg,0,ngt (
ngt (69).jpg,69,).jpg,0,ngt (
ngt (70).jpg,70,).jpg,0,ngt (
ngt (71).jpg,71,).jpg,0,ngt (
ngt (72).jpg,72,).jpg,0,ngt (
ngt (73).jpg,73,).jpg,0,ngt (
ngt (74).jpg,74,).jpg,0,ngt (
ngt (75).jpg,75,).jpg,0,ngt (
ngt (76).jpg,76,).jpg,0,ngt (
ngt (77).jpg,77,).jpg,0,ngt (
ngt (78).jpg,78,).jpg,0,ngt (
ngt (79).jpg,79,).jpg,0,ngt (
ngt (80).jpg,80,).jpg,0,ngt (
ngt (81).jpg,81,).jpg,0,ngt (
ngt (82).jpg,82,).jpg,0,ngt (
ngt (83).jpg,83,).jpg,0,ngt (
ngt (84).jpg,84,).jpg,0,ngt (
ngt (85).jpg,85,).jpg,0,ngt (
ngt (86).jpg,86,).jpg,0,ngt (
ngt (87).jpg,87,).jpg,0,ngt (
ngt (88).jpg,88,).jpg,0,ngt (
ngt (89).jpg,89,).jpg,0,ngt (
ngt (90).jpg,90,).jpg,0,ngt (
ngt (91).jpg,91,).jpg,0,ngt (
ngt (92).jpg,92,).jpg,0,ngt (
ngt (93).jpg,93,).jpg,0,ngt (
ngt (94).jpg,94,).jpg,0,ngt (
ngt (95).jpg,95,).jpg,0,ngt (
ngt (96).jpg,96,).jpg,0,ngt (
ngt (97).jpg,97,).jpg,0,ngt (
ngt (98).jpg,98,).jpg,0,ngt (
ngt (99).jpg,99,).jpg,0,ngt (
ngt (100).jpg,100,).jpg,0,ngt (
ngt (101).jpg,101,).jpg,0,ngt (
ngt (102).jpg,102,).jpg,0,ngt (
ngt (103).jpg,103,).jpg,0,ngt (
ngt (104).jpg,104,).jpg,0,ngt (
ngt (105).jpg,105,).jpg,0,ngt (
ngt (106).jpg,106,).jpg,0,ngt (
ngt (107).jpg,107,).jpg,0,ngt (
ngt (108).jpg,108,).jpg,0,ngt (
ngt (109).jpg,109,).jpg,0,ngt (
ngt (110).jpg,110,).jpg,0,ngt (
ngt (111).jpg,111,).jpg,0,ngt (
ngt (112).jpg,112,).jpg,0,ngt (
ngt (113).jpg,113,).jpg,0,ngt (
ngt (114).jpg,114,).jpg,0,ngt (
ngt (115).jpg,115,).jpg,0,ngt (
ngt (116).jpg,116,).jpg,0,ngt (
ngt (117).jpg,117,).jpg,0,ngt (
ngt (118).jpg,118,).jpg,0,ngt (
ngt (119).jpg,119,).jpg,0,ngt (
ngt (120).jpg,120,).jpg,0,ngt (
ngt (121).jpg,121,).jpg,0,ngt (
ngt (122).jpg,122,).jpg,0,ngt (
ngt (123).jpg,123,).jpg,0,ngt (
ngt (124).jpg,124,).jpg,0,ngt (
ngt (125).jpg,125,).jpg,0,ngt (
ngt (126).jpg,126,).jpg,0,ngt (
ngt (127).jpg,127,).jpg,0,ngt (
ngt (128).jpg,128,).jpg,0,ngt (
ngt (129).jpg,129,).jpg,0,ngt (
ngt (130).jpg,130,).jpg,0,ngt (
ngt (131).jpg,131,).jpg,0,ngt (
ngt (132).jpg,132,).jpg,0,ngt (
ngt (133).jpg,133,).jpg,0,ngt (
ngt (134).jpg,134,).jpg,0,ngt (
ngt (135).jpg,135,).jpg,0,ngt (
ngt (136).jpg,136,).jpg,0,ngt (
ngt (137).jpg,137,).jpg,0,ngt (
ngt (138).jpg,138,).jpg,0,ngt (
ngt (139).jpg,139,).jpg,0,ngt (
ngt (140).jpg,140,).jpg,0,ngt (
ngt (141).jpg,141,).jpg,0,ngt (
ngt (142).jpg,142,).jpg,0,ngt (
ngt (143).jpg,143,).jpg,0,ngt (
ngt (144).jpg,144,).jpg,0,ngt (
ngt (145).jpg,145,).jpg,0,ngt (
ngt (146).jpg,146,).jpg,0,ngt (
ngt (147).jpg,147,).jpg,0,ngt (
ngt (148).jpg,148,).jpg,0,ngt (
ngt (149).jpg,149,).jpg,0,ngt (
ngt (150).jpg,150,).jpg,0,ngt (
ngt (151).jpg,151,).jpg,0,ngt (
ngt (152).jpg,152,).jpg,0,ngt (
ngt (153).jpg,153,).jpg,0,ngt (
ngt (154).jpg,154,).jpg,0,ngt (
ngt (155).jpg,155,).jpg,0,ngt (
ngt (156).jpg,156,).jpg,0,ngt (
ngt (157).jpg,157,).jpg,0,ngt (
ngt (158).jpg,158,).jpg,0,ngt (
ngt (159).jpg,159,).jpg,0,ngt (
ngt (160).jpg,160,).jpg,0,ngt (
ngt (161).jpg,161,).jpg,0,ngt (
ngt (162).jpg,162,).jpg,0,ngt (
ngt (163).jpg,163,).jpg,0,ngt (
ngt (164).jpg,164,).jpg,0,ngt (
ngt (165).jpg,165,).jpg,0,ngt (
ngt (166).jpg,166,).jpg,0,ngt (
ngt (167).jpg,167,).jpg,0,ngt (
ngt (168).jpg,168,).jpg,0,ngt (
ngt (169).jpg,169,).jpg,0,ngt (
ngt (170).jpg,170,).jpg,0,ngt (
ngt (171).jpg,171,).jpg,0,ngt (
ngt (172).jpg,172,).jpg,0,ngt (
ngt (173).jpg,173,).jpg,0,ngt (
ngt (174).jpg,174,).jpg,0,ngt (
ngt (175).jpg,175,).jpg,0,ngt (
ngt (176).jpg,176,).jpg,0,ngt (
ngt (177).jpg,177,).jpg,0,ngt (
ngt (178).jpg,178,).jpg,0,ngt (
ngt (179).jpg,179,).jpg,0,ngt (
ngt (180).jpg,180,).jpg,0,ngt (
ngt (181).jpg,181,).jpg,0,ngt (
ngt (182).jpg,182,).jpg,0,ngt (
ngt (183).jpg,183,).jpg,0,ngt (
ngt (184).jpg,184,).jpg,0,ngt (
ngt (185).jpg,185,).jpg,0,ngt (
ngt (186).jpg,186,).jpg,0,ngt (
ngt (187).jpg,187,).jpg,0,ngt (
ngt (188).jpg,188,).jpg,0,ngt (
ngt (189).jpg,189,).jpg,0,ngt (
ngt (190).jpg,190,).jpg,0,ngt (
ngt (191).jpg,191,).jpg,0,ngt (
ngt (192).jpg,192,).jpg,0,ngt (
ngt (193).jpg,193,).jpg,0,ngt (
ngt (194).jpg,194,).jpg,0,ngt (
ngt (195).jpg,195,).jpg,0,ngt (
ngt (196).jpg,196,).jpg,0,ngt (
ngt (197).jpg,197,).jpg,0,ngt (
ngt (198).jpg,198,).jpg,0,ngt (
ngt (199).jpg,199,).jpg,0,ngt (
ngt (200).jpg,200,).jpg,0,ngt (
ngt (201).jpg,201,).jpg,0,ngt (
ngt (202).jpg,202,).jpg,0,ngt (
ngt (203).jpg,203,).jpg,0,ngt (
ngt (204).jpg,204,).jpg,0,ngt (
ngt (205).jpg,205,).jpg,0,ngt (
ngt (206).jpg,206,).jpg,0,ngt (
ngt (207).jpg,207,).jpg,0,ngt (
ngt (208).jpg,208,).jpg,0,ngt (
ngt (209).jpg,209,).jpg,0,ngt (
ngt (210).jpg,210,).jpg,0,ngt (
ngt (211).jpg,211,).jpg,0,ngt (
ngt (212).jpg,212,).jpg,0,ngt (
ngt (213).jpg,213,).jpg,0,ngt (
ngt (214).jpg,214,).jpg,0,ngt (
ngt (215).jpg,215,).jpg,0,ngt (
ngt (216).jpg,216,).jpg,0,ngt (
ngt (217).jpg,217,).jpg,0,ngt (
ngt (218).jpg,218,).jpg,0,ngt (
ngt (219).jpg,219,).jpg,0,ngt (
ngt (220).jpg,220,).jpg,0,ngt (
ngt (221).jpg,221,).jpg,0,ngt (
ngt (222).jpg,222,).jpg,0,ngt (
ngt (223).jpg,223,).jpg,0,ngt (
ngt (224).jpg,224,).jpg,0,ngt (
ngt (225).jpg,225,).jpg,0,ngt (
ngt (226).jpg,226,).jpg,0,ngt (
ngt (227).jpg,227,).jpg,0,ngt (
ngt (228).jpg,228,).jpg,0,ngt (
ngt (229).jpg,229,).jpg,0,ngt (
ngt (230).jpg,230,).jpg,0,ngt (
ngt (231).jpg,231,).jpg,0,ngt (
ngt (232).jpg,232,).jpg,0,ngt (
ngt (233).jpg,233,).jpg,0,ngt (
ngt (234).jpg,234,).jpg,0,ngt (
ngt (235).jpg,235,).jpg,0,ngt (
ngt (236).jpg,236,).jpg,0,ngt (
ngt (237).jpg,237,).jpg,0,ngt (
ngt (238).jpg,238,).jpg,0,ngt (
ngt (239).jpg,239,).jpg,0,ngt (
ngt (240).jpg,240,).jpg,0,ngt (
ngt (241).jpg,241,).jpg,0,ngt (
ngt (242).jpg,242,).jpg,0,ngt (
ngt (243).jpg,243,).jpg,0,ngt (
ngt (244).jpg,244,).jpg,0,ngt (
ngt (245).jpg,245,).jpg,0,ngt (
ngt (246).jpg,246,).jpg,0,ngt (
ngt (247).jpg,247,).jpg,0,ngt (
ngt (248).jpg,248,).jpg,0,ngt (
ngt (249).jpg,249,).jpg,0,ngt (
ngt (250).jpg,250,).jpg,0,ngt (
ngt (251).jpg,251,).jpg,0,ngt (
ngt (252).jpg,252,).jpg,0,ngt (
ngt (253).jpg,253,).jpg,0,ngt (
ngt (254).jpg,254,).jpg,0,ngt (
ngt (255).jpg,255,).jpg,0,ngt (
ngt (256).jpg,256,).jpg,0,ngt (
ngt (257).jpg,257,).jpg,0,ngt (
ngt (258).jpg,258,).jpg,0,ngt (
ngt (259).jpg,259,).jpg,0,ngt (
ngt (260).jpg,260,).jpg,0,ngt (
ngt (261).jpg,261,).jpg,0,ngt (
ngt (262).jpg,262,).jpg,0,ngt (
ngt (263).jpg,263,).jpg,0,ngt (
ngt (264).jpg,264,).jpg,0,ngt (
ngt (265).jpg,265,).jpg,0,ngt (
ngt (266).jpg,266,).jpg,0,ngt (
ngt (267).jpg,267,).jpg,0,ngt (
ngt (268).jpg,268,).jpg,0,ngt (
ngt (269).jpg,269,).jpg,0,ngt (
ngt (270).jpg,270,).jpg,0,ngt (
ngt (271).jpg,271,).jpg,0,ngt (
ngt (272).jpg,272,).jpg,0,ngt (
ngt (273).jpg,273,).jpg,0,ngt (
ngt (274).jpg,274,).jpg,0,ngt (
ngt (275).jpg,275,).jpg,0,ngt (
ngt (276).jpg,276,).jpg,0,ngt (
ngt (277).jpg,277,).jpg,0,ngt (
ngt (278).jpg,278,).jpg,0,ngt (
ngt (279).jpg,279,).jpg,0,ngt (
ngt (280).jpg,280,).jpg,0,ngt (
ngt (281).jpg,281,).jpg,0,ngt (
ngt (282).jpg,282,).jpg,0,ngt (
ngt (283).jpg,283,).jpg,0,ngt (
ngt (284).jpg,284,).jpg,0,ngt (
ngt (285).jpg,285,).jpg,0,ngt (
ngt (286).jpg,286,).jpg,0,ngt (
ngt (287).jpg,287,).jpg,0,ngt (
ngt (288).jpg,288,).jpg,0,ngt (
ngt (289).jpg,289,).jpg,0,ngt (
ngt (290).jpg,290,).jpg,0,ngt (
ngt (291).jpg,291,).jpg,0,ngt (
ngt (292).jpg,292,).jpg,0,ngt (
ngt (293).jpg,293,).jpg,0,ngt (
ngt (294).jpg,294,).jpg,0,ngt (
ngt (295).jpg,295,).jpg,0,ngt (
ngt (296).jpg,296,).jpg,0,ngt (
ngt (297).jpg,297,).jpg,0,ngt (
ngt (298).jpg,298,).jpg,0,ngt (
ngt (299).jpg,299,).jpg,0,ngt (
ngt (300).jpg,300,).jpg,0,ngt (
ngt (301).jpg,301,).jpg,0,ngt (
ngt (302).jpg,302,).jpg,0,ngt (
ngt (303).jpg,303,).jpg,0,ngt (
ngt (304).jpg,304,).jpg,0,ngt (
ngt (305).jpg,305,).jpg,0,ngt (
ngt (306).jpg,306,).jpg,0,ngt (
ngt (307).jpg,307,).jpg,0,ngt (
ngt (308).jpg,308,).jpg,0,ngt (
ngt (309).jpg,309,).jpg,0,ngt (
ngt (310).jpg,310,).jpg,0,ngt (
ngt (311).jpg,311,).jpg,0,ngt (
ngt (312).jpg,312,).jpg,0,ngt (
ngt (313).jpg,313,).jpg,0,ngt (
ngt (314).jpg,314,).jpg,0,ngt (
ngt (315).jpg,315,).jpg,0,ngt (
ngt (316).jpg,316,).jpg,0,ngt (
ngt (317).jpg,317,).jpg,0,ngt (
ngt (318).jpg,318,).jpg,0,ngt (
ngt (319).jpg,319,).jpg,0,ngt (
ngt (320).jpg,320,).jpg,0,ngt (
ngt (321).jpg,321,).jpg,0,ngt (
ngt (322).jpg,322,).jpg,0,ngt (
ngt (323).jpg,323,).jpg,0,ngt (
ngt (324).jpg,324,).jpg,0,ngt (
ngt (325).jpg,325,).jpg,0,ngt (
ngt (326).jpg,326,).jpg,0,ngt (
ngt (327).jpg,327,).jpg,0,ngt (
ngt (328).jpg,328,).jpg,0,ngt (
ngt (329).jpg,329,).jpg,0,ngt (
ngt (330).jpg,330,).jpg,0,ngt (
ngt (331).jpg,331,).jpg,0,ngt (
ngt (332).jpg,332,).jpg,0,ngt (
ngt (333).jpg,333,).jpg,0,ngt (
ngt (334).jpg,334,).jpg,0,ngt (
ngt (335).jpg,335,).jpg,0,ngt (
ngt (336).jpg,336,).jpg,0,ngt (
ngt (337).jpg,337,).jpg,0,ngt (
ngt (338).jpg,338,).jpg,0,ngt (
ngt (339).jpg,339,).jpg,0,ngt (
ngt (340).jpg,340,).jpg,0,ngt (
ngt (341).jpg,341,).jpg,0,ngt (
ngt (342).jpg,342,).jpg,0,ngt (
ngt (343).jpg,343,).jpg,0,ngt (
ngt (344).jpg,344,).jpg,0,ngt (
ngt (345).jpg,345,).jpg,0,ngt (
ngt (346).jpg,346,).jpg,0,ngt (
ngt (347).jpg,347,).jpg,0,ngt (
ngt (348).jpg,348,).jpg,0,ngt (
ngt (349).jpg,349,).jpg,0,ngt (
ngt (350).jpg,350,).jpg,0,ngt (
ngt (351).jpg,351,).jpg,0,ngt (
ngt (352).jpg,352,).jpg,0,ngt (
g (1).jpg,1,).jpg,1,g (
g (2).jpg,2,).jpg,1,g (
g (3).jpg,3,).jpg,1,g (
g (4).jpg,4,).jpg,1,g (
g (5).jpg,5,).jpg,1,g (
g (6).jpg,6,).jpg,1,g (
g (7).jpg,7,).jpg,1,g (
g (8).jpg,8,).jpg,1,g (
g (9).jpg,9,).jpg,1,g (
g (10).jpg,10,).jpg,1,g (
g (11).jpg,11,).jpg,1,g (
g (12).jpg,12,).jpg,1,g (
g (13).jpg,13,).jpg,1,g (
g (14).jpg,14,).jpg,1,g (
g (15).jpg,15,).jpg,1,g (
g (16).jpg,16,).jpg,1,g (
g (17).jpg,17,).jpg,1,g (
g (18).jpg,18,).jpg,1,g (
g (19).jpg,19,).jpg,1,g (
g (20).jpg,20,).jpg,1,g (
g (21).jpg,21,).jpg,1,g (
g (22).jpg,22,).jpg,1,g (
g (23).jpg,23,).jpg,1,g (
g (24).jpg,24,).jpg,1,g (
g (25).jpg,25,).jpg,1,g (
g (26).jpg,26,).jpg,1,g (
g (27).jpg,27,).jpg,1,g (
g (28).jpg,28,).jpg,1,g (
g (29).jpg,29,).jpg,1,g (
g (30).jpg,30,).jpg,1,g (
g (31).jpg,31,).jpg,1,g (
g (32).jpg,32,).jpg,1,g (
g (33).jpg,33,).jpg,1,g (
g (34).jpg,34,).jpg,1,g (
g (35).jpg,35,).jpg,1,g (
g (36).jpg,36,).jpg,1,g (
g (37).jpg,37,).jpg,1,g (
g (38).jpg,38,).jpg,1,g (
g (39).jpg,39,).jpg,1,g (
g (40).jpg,40,).jpg,1,g (
g (41).jpg,41,).jpg,1,g (
g (42).jpg,42,).jpg,1,g (
g (43).jpg,43,).jpg,1,g (
g (44).jpg,44,).jpg,1,g (
g (45).jpg,45,).jpg,1,g (
g (46).jpg,46,).jpg,1,g (
g (47).jpg,47,).jpg,1,g (
g (48).jpg,48,).jpg,1,g (
g (49).jpg,49,).jpg,1,g (
g (50).jpg,50,).jpg,1,g (
g (51).jpg,51,).jpg,1,g (
g (52).jpg,52,).jpg,1,g (
g (53).jpg,53,).jpg,1,g (
g (54).jpg,54,).jpg,1,g (
g (55).jpg,55,).jpg,1,g (
g (56).jpg,56,).jpg,1,g (
g (57).jpg,57,).jpg,1,g (
g (58).jpg,58,).jpg,1,g (
g (59).jpg,59,).jpg,1,g (
g (60).jpg,60,).jpg,1,g (
g (61).jpg,61,).jpg,1,g (
g (62).jpg,62,).jpg,1,g (
g (63).jpg,63,).jpg,1,g (
g (64).jpg,64,).jpg,1,g (
g (65).jpg,65,).jpg,1,g (
g (66).jpg,66,).jpg,1,g (
g (67).jpg,67,).jpg,1,g (
ng (1).jpg,1,).jpg,0,ng (
ng (2).jpg,2,).jpg,0,ng (
ng (3).jpg,3,).jpg,0,ng (
ng (4).jpg,4,).jpg,0,ng (
ng (5).jpg,5,).jpg,0,ng (
ng (6).jpg,6,).jpg,0,ng (
ng (7).jpg,7,).jpg,0,ng (
ng (8).jpg,8,).jpg,0,ng (
ng (9).jpg,9,).jpg,0,ng (
ng (10).jpg,10,).jpg,0,ng (
ng (11).jpg,11,).jpg,0,ng (
ng (12).jpg,12,).jpg,0,ng (
ng (13).jpg,13,).jpg,0,ng (
ng (14).jpg,14,).jpg,0,ng (
ng (15).jpg,15,).jpg,0,ng (
ng (16).jpg,16,).jpg,0,ng (
ng (17).jpg,17,).jpg,0,ng (
ng (18).jpg,18,).jpg,0,ng (
ng (19).jpg,19,).jpg,0,ng (
ng (20).jpg,20,).jpg,0,ng (
ng (21).jpg,21,).jpg,0,ng (
ng (22).jpg,22,).jpg,0,ng (
ng (23).jpg,23,).jpg,0,ng (
ng (24).jpg,24,).jpg,0,ng (
ng (25).jpg,25,).jpg,0,ng (
ng (26).jpg,26,).jpg,0,ng (
ng (27).jpg,27,).jpg,0,ng (
ng (28).jpg,28,).jpg,0,ng (
ng (29).jpg,29,).jpg,0,ng (
ng (30).jpg,30,).jpg,0,ng (
ng (31).jpg,31,).jpg,0,ng (
ng (32).jpg,32,).jpg,0,ng (
ng (33).jpg,33,).jpg,0,ng (
ng (34).jpg,34,).jpg,0,ng (
ng (35).jpg,35,).jpg,0,ng (
ng (36).jpg,36,).jpg,0,ng (
ng (37).jpg,37,).jpg,0,ng (
ng (38).jpg,38,).jpg,0,ng (
ng (39).jpg,39,).jpg,0,ng (
ng (40).jpg,40,).jpg,0,ng (
ng (41).jpg,41,).jpg,0,ng (
ng (42).jpg,42,).jpg,0,ng (
ng (43).jpg,43,).jpg,0,ng (
ng (44).jpg,44,).jpg,0,ng (
ng (45).jpg,45,).jpg,0,ng (
ng (46).jpg,46,).jpg,0,ng (
ng (47).jpg,47,).jpg,0,ng (
ng (48).jpg,48,).jpg,0,ng (
ng (49).jpg,49,).jpg,0,ng (
ng (50).jpg,50,).jpg,0,ng (
ng (51).jpg,51,).jpg,0,ng (
ng (52).jpg,52,).jpg,0,ng (
ng (53).jpg,53,).jpg,0,ng (
ng (54).jpg,54,).jpg,0,ng (
ng (55).jpg,55,).jpg,0,ng (
ng (56).jpg,56,).jpg,0,ng (
ng (57).jpg,57,).jpg,0,ng (
ng (58).jpg,58,).jpg,0,ng (
ng (59).jpg,59,).jpg,0,ng (
ng (60).jpg,60,).jpg,0,ng (
ng (61).jpg,61,).jpg,0,ng (
ng (62).jpg,62,).jpg,0,ng (
ng (63).jpg,63,).jpg,0,ng (
ng (64).jpg,64,).jpg,0,ng (
ng (65).jpg,65,).jpg,0,ng (
ng (66).jpg,66,).jpg,0,ng (
ng (67).jpg,67,).jpg,0,ng (
